,folds,val_cindex
0,0,0.6414141414141414
1,1,0.6336971350613916
2,2,0.5537084398976982
3,3,0.5701325889741801
4,4,0.5835982199618563
